
-- Database Backup --
-- Ver. : 1.0.1
-- Host : Server Host
-- Generating Time : Oct 25, 2023 at 11:02:11:AM


CREATE TABLE `bayar` (
  `id_bayar` int(10) NOT NULL AUTO_INCREMENT,
  `id_siswa` int(10) NOT NULL,
  `id_bayar_metode` int(10) NOT NULL,
  `keterangan` text NOT NULL,
  `bukti` varchar(150) NOT NULL,
  `status_verifikasi` varchar(50) NOT NULL,
  `nominal_bayar` varchar(50) NOT NULL,
  `tanggal_bayar` date NOT NULL,
  `dibuat_pada` datetime NOT NULL DEFAULT current_timestamp(),
  `diubah_pada` datetime NOT NULL DEFAULT current_timestamp(),
  `dihapus_pada` datetime DEFAULT NULL,
  PRIMARY KEY (`id_bayar`)
) ENGINE=InnoDB AUTO_INCREMENT=24 DEFAULT CHARSET=utf8mb4 COLLATE=utf8mb4_general_ci;

INSERT INTO bayar VALUES
("1","11","1","bank bni","2023_10_12_05_31_35_Nina11_PKK.png","Sudah Verifikasi","446000","2023-10-12","2023-10-12 10:31:35","2023-10-12 10:31:35",""),
("2","11","1","Via Ovo","2023_10_12_05_37_40_nina_11.png","Sudah Verifikasi","2000000","2023-10-12","2023-10-12 10:37:40","2023-10-12 10:37:40",""),
("3","11","1","bank bca","2023_10_17_04_47_28_PORTAL.jpg","Sudah Verifikasi","500000","2023-10-17","2023-10-17 09:47:29","2023-10-17 09:47:29",""),
("4","8","1","BANK BRI","2023_10_19_05_31_21_Bukti-Transfer.jpg","Sudah Verifikasi","275000","2023-10-10","2023-10-19 10:31:21","2023-10-19 10:31:21",""),
("5","18","1","BANK BRI","2023_10_19_05_32_35_Bukti-Transfer.jpg","Sudah Verifikasi","200000","2023-10-11","2023-10-19 10:32:35","2023-10-19 10:32:35",""),
("6","4","1","BANK BRI","2023_10_19_05_33_38_Bukti-Transfer.jpg","Sudah Verifikasi","440000","2023-10-20","2023-10-19 10:33:38","2023-10-19 10:33:38",""),
("7","1","1","BANK BCA","2023_10_19_05_34_26_Bukti-Transfer.jpg","Sudah Verifikasi","800000","2023-10-17","2023-10-19 10:34:26","2023-10-19 10:34:26",""),
("8","13","1","BANK BCA","2023_10_19_05_35_36_Bukti-Transfer.jpg","Sudah Verifikasi","2500000","2023-10-17","2023-10-19 10:35:36","2023-10-19 10:35:36",""),
("9","6","1","BANK BRI","2023_10_19_05_36_23_Bukti-Transfer.jpg","Sudah Verifikasi","446000","2023-10-27","2023-10-19 10:36:23","2023-10-19 10:36:23",""),
("10","14","1","BANK BRI","2023_10_19_05_37_05_Bukti-Transfer.jpg","Sudah Verifikasi","446000","2023-10-23","2023-10-19 10:37:05","2023-10-19 10:37:05",""),
("11","9","1","BANK BRI","2023_10_19_05_37_55_Bukti-Transfer.jpg","Sudah Verifikasi","446000","2023-10-04","2023-10-19 10:37:55","2023-10-19 10:37:55",""),
("12","16","1","BANK BRI","2023_10_19_05_38_55_Bukti-Transfer.jpg","Sudah Verifikasi","446000","2023-10-09","2023-10-19 10:38:55","2023-10-19 10:38:55",""),
("13","10","1","BANK BRI","2023_10_19_05_39_35_Bukti-Transfer.jpg","Sudah Verifikasi","446000","2023-10-30","2023-10-19 10:39:35","2023-10-19 10:39:35",""),
("14","15","1","BANK BRI","2023_10_19_05_40_51_Bukti-Transfer.jpg","Sudah Verifikasi","446000","2023-09-01","2023-10-19 10:40:51","2023-10-19 10:40:51",""),
("15","2","1","BANK BRI","2023_10_19_05_41_44_Bukti-Transfer.jpg","Sudah Verifikasi","446000","2023-09-03","2023-10-19 10:41:44","2023-10-19 10:41:44",""),
("16","5","1","BANK BCA","2023_10_19_05_42_23_Bukti-Transfer.jpg","Sudah Verifikasi","446000","2023-09-12","2023-10-19 10:42:23","2023-10-19 10:42:23",""),
("17","17","1","BANK BRI","2023_10_19_05_43_29_Bukti-Transfer.jpg","Sudah Verifikasi","446000","2023-09-14","2023-10-19 10:43:29","2023-10-19 10:43:29",""),
("18","3","1","-","2023_10_19_05_44_09_Bukti-Transfer.jpg","Sudah Verifikasi","446000","2023-09-20","2023-10-19 10:44:09","2023-10-19 10:44:09",""),
("19","7","1","BANK BCA","2023_10_19_05_44_58_Bukti-Transfer.jpg","Sudah Verifikasi","446000","2023-09-25","2023-10-19 10:44:58","2023-10-19 10:44:58",""),
("20","11","1","-","2023_10_19_05_45_40_Bukti-Transfer.jpg","Sudah Verifikasi","446000","2023-09-26","2023-10-19 10:45:40","2023-10-19 10:45:40",""),
("21","15","1","BANK BRI","2023_10_19_05_46_23_Bukti-Transfer.jpg","Sudah Verifikasi","446000","2023-09-16","2023-10-19 10:46:23","2023-10-19 10:46:23",""),
("22","9","1","-","2023_10_19_05_47_26_Bukti-Transfer.jpg","Sudah Verifikasi","446000","2023-09-30","2023-10-19 10:47:26","2023-10-19 10:47:26",""),
("23","12","1","446000","2023_10_19_05_48_24_Bukti-Transfer.jpg","Sudah Verifikasi","446000","2023-09-19","2023-10-19 10:48:24","2023-10-19 10:48:24","");

CREATE TABLE `bayar_alokasi` (
  `id_bayar_alokasi` int(10) NOT NULL AUTO_INCREMENT,
  `id_bayar` int(10) NOT NULL,
  `id_tagihan` int(10) NOT NULL,
  `total_alokasi` int(17) NOT NULL,
  `dialokasikan_oleh` varchar(100) NOT NULL,
  `dibuat_pada` datetime NOT NULL DEFAULT current_timestamp(),
  `diubah_pada` datetime NOT NULL DEFAULT current_timestamp(),
  `dihapus_pada` datetime DEFAULT NULL,
  PRIMARY KEY (`id_bayar_alokasi`)
) ENGINE=InnoDB AUTO_INCREMENT=30 DEFAULT CHARSET=utf8mb4 COLLATE=utf8mb4_general_ci;

INSERT INTO bayar_alokasi VALUES
("1","1","131","446000","Otomatis Oleh Sistem","2023-10-12 10:34:14","2023-10-12 10:34:14",""),
("2","2","132","446000","Otomatis Oleh Sistem","2023-10-12 10:38:37","2023-10-12 10:38:37",""),
("3","2","133","446000","Otomatis Oleh Sistem","2023-10-12 10:38:37","2023-10-12 10:38:37",""),
("4","2","140","1108000","Otomatis Oleh Sistem","2023-10-12 10:38:37","2023-10-12 10:38:37",""),
("5","3","140","500000","Otomatis Oleh Sistem","2023-10-17 09:47:29","2023-10-17 09:47:29",""),
("6","4","92","275000","Otomatis Oleh Sistem","2023-10-19 10:31:21","2023-10-19 10:31:21",""),
("7","5","222","200000","Otomatis Oleh Sistem","2023-10-19 10:32:35","2023-10-19 10:32:35",""),
("8","6","40","440000","Otomatis Oleh Sistem","2023-10-19 10:33:38","2023-10-19 10:33:38",""),
("9","7","1","446000","Otomatis Oleh Sistem","2023-10-19 10:34:26","2023-10-19 10:34:26",""),
("10","7","2","354000","Otomatis Oleh Sistem","2023-10-19 10:34:26","2023-10-19 10:34:26",""),
("11","8","157","446000","Otomatis Oleh Sistem","2023-10-19 10:35:36","2023-10-19 10:35:36",""),
("12","8","158","446000","Otomatis Oleh Sistem","2023-10-19 10:35:36","2023-10-19 10:35:36",""),
("13","8","159","446000","Otomatis Oleh Sistem","2023-10-19 10:35:36","2023-10-19 10:35:36",""),
("14","8","166","1162000","Otomatis Oleh Sistem","2023-10-19 10:35:36","2023-10-19 10:35:36",""),
("15","9","66","446000","Otomatis Oleh Sistem","2023-10-19 10:36:23","2023-10-19 10:36:23",""),
("16","10","170","446000","Otomatis Oleh Sistem","2023-10-19 10:37:05","2023-10-19 10:37:05",""),
("17","11","105","446000","Otomatis Oleh Sistem","2023-10-19 10:37:55","2023-10-19 10:37:55",""),
("18","12","196","446000","Otomatis Oleh Sistem","2023-10-19 10:38:55","2023-10-19 10:38:55",""),
("19","13","118","446000","Otomatis Oleh Sistem","2023-10-19 10:39:35","2023-10-19 10:39:35",""),
("20","14","183","446000","Otomatis Oleh Sistem","2023-10-19 10:40:51","2023-10-19 10:40:51",""),
("21","15","14","446000","Otomatis Oleh Sistem","2023-10-19 10:41:44","2023-10-19 10:41:44",""),
("22","16","53","446000","Otomatis Oleh Sistem","2023-10-19 10:42:23","2023-10-19 10:42:23",""),
("23","17","209","446000","Otomatis Oleh Sistem","2023-10-19 10:43:29","2023-10-19 10:43:29",""),
("24","18","27","446000","Otomatis Oleh Sistem","2023-10-19 10:44:09","2023-10-19 10:44:09",""),
("25","19","79","446000","Otomatis Oleh Sistem","2023-10-19 10:44:58","2023-10-19 10:44:58",""),
("26","20","140","446000","Otomatis Oleh Sistem","2023-10-19 10:45:40","2023-10-19 10:45:40",""),
("27","21","184","446000","Otomatis Oleh Sistem","2023-10-19 10:46:23","2023-10-19 10:46:23",""),
("28","22","106","446000","Otomatis Oleh Sistem","2023-10-19 10:47:26","2023-10-19 10:47:26",""),
("29","23","144","446000","Otomatis Oleh Sistem","2023-10-19 10:48:24","2023-10-19 10:48:24","");

CREATE TABLE `bayar_metode` (
  `id_bayar_metode` int(10) NOT NULL AUTO_INCREMENT,
  `metode` varchar(100) NOT NULL,
  `nomor_rekening` varchar(100) NOT NULL,
  `dibuat_pada` datetime NOT NULL,
  `diubah_pada` datetime NOT NULL,
  `dihapus_pada` datetime DEFAULT NULL,
  PRIMARY KEY (`id_bayar_metode`)
) ENGINE=InnoDB AUTO_INCREMENT=3 DEFAULT CHARSET=utf8mb4 COLLATE=utf8mb4_general_ci;

INSERT INTO bayar_metode VALUES
("1","Transfer ke Bank BTN Rekening SMK Triatma Jaya Badung","00555-0130-0000028","2023-09-26 02:32:56","2023-09-26 02:32:56",""),
("2","Transfer ke Bank BTN Rekening Osis SMK Triatma Jaya Badung","00555-0188-0000085","2023-09-26 02:32:56","2023-09-26 02:32:56","");

CREATE TABLE `biaya` (
  `id_biaya` int(10) NOT NULL AUTO_INCREMENT,
  `id_periode` int(10) NOT NULL,
  `deskripsi_biaya` varchar(100) NOT NULL,
  `jumlah_biaya` int(17) NOT NULL,
  `tanggal_jatuh_tempo` date NOT NULL,
  `tingkat` int(2) DEFAULT NULL,
  `id_jurusan` int(10) DEFAULT NULL,
  `dibuat_pada` datetime NOT NULL DEFAULT current_timestamp(),
  `diubah_pada` datetime NOT NULL DEFAULT current_timestamp(),
  `dihapus_pada` datetime DEFAULT NULL,
  PRIMARY KEY (`id_biaya`)
) ENGINE=InnoDB AUTO_INCREMENT=21 DEFAULT CHARSET=utf8mb4 COLLATE=utf8mb4_general_ci;

INSERT INTO biaya VALUES
("1","6","SPP Desember","470","2023-08-31","0","0","2023-08-29 11:51:49","2023-08-29 11:51:49","2023-08-30 07:59:10"),
("2","6","osis juli","1000","2023-08-13","","","2023-08-29 11:52:39","2023-08-29 11:52:39","2023-08-30 07:59:15"),
("3","6","spp desember","11000","2023-08-15","","","2023-08-29 11:54:29","2023-08-29 11:54:29","2023-08-30 07:59:22"),
("4","6","osis juli","1000","2023-08-30","","","2023-08-29 11:58:52","2023-08-29 11:58:52","2023-08-30 07:25:43"),
("5","6","SPP Juli 2023","446","2023-07-20","0","0","2023-08-30 07:57:49","2023-08-30 07:57:49","2023-08-30 10:39:34"),
("6","6","spp agustus","470","2023-08-17","12","0","2023-08-30 07:59:42","2023-08-30 07:59:42","2023-08-30 10:39:28"),
("7","6","SPP Juli 2023","446","2023-08-20","0","0","2023-08-30 10:40:27","2023-08-30 10:40:27","2023-08-30 10:40:54"),
("8","6","SPP Juli 2023","446000","2023-07-20","12","1","2023-08-30 10:41:35","2023-08-30 10:41:35",""),
("9","6","SPP Agustus 2023","446000","2023-08-20","12","1","2023-08-30 10:42:54","2023-08-30 10:42:54",""),
("10","6","SPP September 2023","446000","2023-09-20","12","1","2023-08-30 10:43:25","2023-08-30 10:43:25",""),
("11","6","SPP Oktober 2023","446000","2023-10-20","12","1","2023-08-30 10:43:52","2023-08-30 10:43:52",""),
("12","6","SPP November 2023","446000","2023-11-20","12","1","2023-08-30 10:44:35","2023-08-30 10:44:35",""),
("13","6","SPP Desember 2023","446000","2023-12-20","12","1","2023-08-30 10:45:35","2023-08-30 10:45:35",""),
("14","6","SPP Januari 2024","446000","2024-01-20","12","1","2023-08-30 10:49:35","2023-08-30 10:49:35",""),
("15","6","SPP Februari 2024","446000","2024-02-20","12","1","2023-08-30 11:00:47","2023-08-30 11:00:47",""),
("16","6","SPP Maret 2024","446000","2024-03-20","12","1","2023-08-30 11:02:02","2023-08-30 11:02:02",""),
("17","6","Uang Study Tour","2500000","2023-09-29","12","1","2023-08-30 11:04:10","2023-08-30 11:04:10",""),
("18","6","SPP April 2024","446000","2024-04-20","12","1","2023-08-30 11:09:32","2023-08-30 11:09:32",""),
("19","6","SPP Mei 2024","446000","2024-05-20","12","1","2023-08-30 11:10:29","2023-08-30 11:10:29",""),
("20","6","SPP Juni 2024","446000","2024-06-20","12","1","2023-08-30 11:11:08","2023-08-30 11:11:08","");

CREATE TABLE `jurusan` (
  `id_jurusan` int(10) NOT NULL AUTO_INCREMENT,
  `jurusan` varchar(100) NOT NULL,
  `dibuat_pada` datetime NOT NULL DEFAULT current_timestamp(),
  `diubah_pada` datetime NOT NULL DEFAULT current_timestamp(),
  `dihapus_pada` datetime DEFAULT NULL,
  PRIMARY KEY (`id_jurusan`)
) ENGINE=InnoDB AUTO_INCREMENT=5 DEFAULT CHARSET=utf8mb4 COLLATE=utf8mb4_general_ci;

INSERT INTO jurusan VALUES
("1","Pengembangan Perangkat Lunak dan GIM","2023-09-05 07:18:51","2023-09-05 07:18:51",""),
("2","Kecantikan dan SPA","2023-09-05 07:18:51","2023-09-05 07:18:51",""),
("3","Kuliner","2023-09-05 07:18:51","2023-09-05 07:18:51",""),
("4","Perhotelan","2023-09-05 07:18:51","2023-09-05 07:18:51","");

CREATE TABLE `periode` (
  `id_periode` int(10) NOT NULL AUTO_INCREMENT,
  `periode` varchar(100) NOT NULL,
  `tanggal_awal` date NOT NULL,
  `tanggal_akhir` date DEFAULT NULL,
  `dibuat_pada` datetime NOT NULL DEFAULT current_timestamp(),
  `diubah_pada` datetime NOT NULL DEFAULT current_timestamp(),
  `dihapus_pada` datetime DEFAULT NULL,
  PRIMARY KEY (`id_periode`)
) ENGINE=InnoDB AUTO_INCREMENT=24 DEFAULT CHARSET=utf8mb4 COLLATE=utf8mb4_general_ci;

INSERT INTO periode VALUES
("5","Tahun Ajaran 2022-2023","2023-08-11","0000-00-00","0000-00-00 00:00:00","0000-00-00 00:00:00","0000-00-00 00:00:00"),
("6","Tahun Ajaran 2023-2024","2023-08-09","2023-08-23","0000-00-00 00:00:00","0000-00-00 00:00:00","");

CREATE TABLE `siswa` (
  `id_siswa` int(10) NOT NULL AUTO_INCREMENT,
  `nis` varchar(20) NOT NULL,
  `nama` varchar(200) NOT NULL,
  `kelas` varchar(50) NOT NULL,
  `tingkat` int(2) NOT NULL,
  `id_jurusan` int(10) NOT NULL,
  `alamat` text NOT NULL,
  `no_hp` varchar(20) NOT NULL,
  `email` varchar(50) NOT NULL,
  `dibuat` int(11) NOT NULL,
  `dibuat_pada` datetime NOT NULL,
  `diubah_pada` datetime NOT NULL,
  `dihapus_pada` datetime NOT NULL,
  PRIMARY KEY (`id_siswa`)
) ENGINE=InnoDB AUTO_INCREMENT=35 DEFAULT CHARSET=utf8mb4 COLLATE=utf8mb4_general_ci;

INSERT INTO siswa VALUES
("1","4950","ALINNE SYAHFITRI","XII PPLG","12","1","Kerobokan","089676543076","aline@gmail.com","0","0000-00-00 00:00:00","0000-00-00 00:00:00","0000-00-00 00:00:00"),
("2","4951","BEZALIEL CAHYA YEHUDA","XII PPLG","12","1","Denpasar","089676543076","yehuda@gmail.com","0","0000-00-00 00:00:00","0000-00-00 00:00:00","0000-00-00 00:00:00"),
("3","4952","FIBRI WILLIANA PUTRI","XII PPLG","12","1","Tabanan","089676543076","fibri@gmail.com","0","0000-00-00 00:00:00","0000-00-00 00:00:00","0000-00-00 00:00:00"),
("4","4953","GEDE ANDI PERAYOGA","XII PPLG","12","1","Dalung","089676543076","andi@gmail.com","0","0000-00-00 00:00:00","0000-00-00 00:00:00","0000-00-00 00:00:00"),
("5","4954","I GEDE ERIK FUGIANTO LILA","XII PPLG","12","1","Dalung","089676543076","erik@gmail.com","0","0000-00-00 00:00:00","0000-00-00 00:00:00","0000-00-00 00:00:00"),
("6","4955","I PUTU ARYA ADI SUSENA","XII PPLG","12","1","Legian","089676543076","sena@gmail.com","0","0000-00-00 00:00:00","0000-00-00 00:00:00","0000-00-00 00:00:00"),
("7","4956","KOMANG RISMA TRI PRATNYANI","XII PPLG","12","1","Dalung","089676543076","risma@gmail.com","0","0000-00-00 00:00:00","0000-00-00 00:00:00","0000-00-00 00:00:00"),
("8","4957","MAGDALENA FEBIAYU KANTUR","XII PPLG","12","1","Abianbase","089676543076","entin@gmail.com","0","0000-00-00 00:00:00","0000-00-00 00:00:00","0000-00-00 00:00:00"),
("9","4958","NASYWA RAMADHANI","XII PPLG","12","1","Denpasar","089676543076","nasywa@gmail.com","0","0000-00-00 00:00:00","0000-00-00 00:00:00","0000-00-00 00:00:00"),
("10","4959","NI KADEK DWI SWANDEWI","XII PPLG","12","1","canggu","089676543076","dwi@gmail.com","0","0000-00-00 00:00:00","0000-00-00 00:00:00","0000-00-00 00:00:00"),
("11","4960","NI KADEK NINA ANTARI","XII PPLG","12","1","Kapal","089676543076","kadekninaantari@gmail.com","0","0000-00-00 00:00:00","0000-00-00 00:00:00","0000-00-00 00:00:00"),
("12","4961","NI LUH CHELSEA WIDYADARI","XII PPLG","12","1","Canggu","089676543076","celsi@gmail.com","0","0000-00-00 00:00:00","0000-00-00 00:00:00","0000-00-00 00:00:00"),
("13","4962","NI LUH PUTU DIAH MARTIANI","XII PPLG","12","1","Dalung","089676543076","diah@gmaill.com","0","0000-00-00 00:00:00","0000-00-00 00:00:00","0000-00-00 00:00:00"),
("14","4963","NI PUTU NIA  PRADNYA OKTAVIANI","XII PPLG","12","1","Tabanan","089676543076","nia@gmail.com","0","0000-00-00 00:00:00","0000-00-00 00:00:00","0000-00-00 00:00:00"),
("15","4964","WILLIAMS JACOBUS FELANUEL","XII PPLG","12","1","Dalung","089676543076","william@gmail.com","0","0000-00-00 00:00:00","0000-00-00 00:00:00","0000-00-00 00:00:00"),
("16","4965","ZAID ASSYA YUDAH","XII PPLG","12","1","Denpasar","089676543076","zaid@gmail.com","0","0000-00-00 00:00:00","0000-00-00 00:00:00","0000-00-00 00:00:00"),
("17","4966","DEWA MADE MARTHA ABIMAYU","XII PPLG","12","1","Abianbase","089676543076","dewa@gmail.com","0","0000-00-00 00:00:00","0000-00-00 00:00:00","0000-00-00 00:00:00"),
("18","4967","FERRELL FIEVEL WAWORUNTU","XII PPLG","12","1","Denpasar","089676543076","ferrell@gmail.com","0","0000-00-00 00:00:00","0000-00-00 00:00:00","0000-00-00 00:00:00"),
("20","4968"," NI KOMANG NANIK BUDAYANTI","XII TKC","12","0","Denpasar","08921276379","nanikbudyanti@gmail.com","0","0000-00-00 00:00:00","0000-00-00 00:00:00","0000-00-00 00:00:00"),
("21","4969","VINA MELINDHA","XII TKC","12","0","denpasar","08921276379","vini@gmail.com","0","0000-00-00 00:00:00","0000-00-00 00:00:00","0000-00-00 00:00:00"),
("22","4970","SUKRIANI DEWI","XII TKC","12","0","DENPASAR","08921276379","sukri@gmail.com","0","0000-00-00 00:00:00","0000-00-00 00:00:00","0000-00-00 00:00:00"),
("23","4971","VILMEI PUTRI","XII TKC","12","0","denpasar","08921276379","vilmei@gmail.com","0","0000-00-00 00:00:00","0000-00-00 00:00:00","0000-00-00 00:00:00"),
("24","4972","DITYA MAHARANI","XII TKC","12","0","Denpasar","08921276379","ditya@gmail.com","0","0000-00-00 00:00:00","0000-00-00 00:00:00","0000-00-00 00:00:00"),
("25","4973","ANGGA YUNANDHA","XII JB","12","0","Denpasar","08921276379","angga@gmail.com","0","0000-00-00 00:00:00","0000-00-00 00:00:00","0000-00-00 00:00:00"),
("26","4974","NINDA DAMAYANTI","XII JB","12","0","Denpasar","08921276379","ninda@gmail.com","0","0000-00-00 00:00:00","0000-00-00 00:00:00","0000-00-00 00:00:00"),
("27","4975","WISNU SANTIKA","XII JB","12","0","Denpasar","08921276379","wisnu@gmail.com","0","0000-00-00 00:00:00","0000-00-00 00:00:00","0000-00-00 00:00:00"),
("28","4976","JISDA MAHONI","XII JB","12","0","Denpasar","08921276379","jisda@gmail.com","0","0000-00-00 00:00:00","0000-00-00 00:00:00","0000-00-00 00:00:00"),
("29","4977","MADE KRISNA","XII JB","12","0","Denpasar","08921276379","krisna123@gmail.com","0","0000-00-00 00:00:00","0000-00-00 00:00:00","0000-00-00 00:00:00"),
("30","4978","AYU TRIANTI","XII PH","12","0","Denpasar","08921276379","ayu@gmail.com","0","0000-00-00 00:00:00","0000-00-00 00:00:00","0000-00-00 00:00:00"),
("31","4979","WINA PUTRI","XII PH","12","0","Denpasar","08921276379","winna@gmail.com","0","0000-00-00 00:00:00","0000-00-00 00:00:00","0000-00-00 00:00:00"),
("32","4980","DILAN SAPUTRA","XII PH","12","0","Denpasar","08921276379","dilan@gmail.com","0","0000-00-00 00:00:00","0000-00-00 00:00:00","0000-00-00 00:00:00"),
("33","4981","TURAH DENI","XII PH","12","0","Denpasar","08921276379","deni@gmail.com","0","0000-00-00 00:00:00","0000-00-00 00:00:00","0000-00-00 00:00:00"),
("34","4982","BAHARI PUTRI","XII PH","12","0","Denpasar","08921276379","putri@gmail.com","0","0000-00-00 00:00:00","0000-00-00 00:00:00","0000-00-00 00:00:00");

CREATE TABLE `tagihan` (
  `id_tagihan` int(10) NOT NULL AUTO_INCREMENT,
  `id_biaya` int(10) NOT NULL,
  `id_siswa` int(10) NOT NULL,
  `kelas` varchar(50) NOT NULL,
  `keterangan` varchar(200) NOT NULL,
  `potongan` int(20) NOT NULL DEFAULT 0,
  `total_terbayar` int(20) NOT NULL DEFAULT 0,
  `dibuat_pada` datetime NOT NULL,
  `diubah_pada` datetime NOT NULL DEFAULT current_timestamp(),
  `dihapus_pada` datetime DEFAULT NULL,
  PRIMARY KEY (`id_tagihan`)
) ENGINE=InnoDB AUTO_INCREMENT=235 DEFAULT CHARSET=utf8mb4 COLLATE=utf8mb4_general_ci;

INSERT INTO tagihan VALUES
("1","8","1","XII PPLG","","0","446000","0000-00-00 00:00:00","2023-10-12 10:30:19",""),
("2","9","1","XII PPLG","","0","354000","0000-00-00 00:00:00","2023-10-12 10:30:19",""),
("3","10","1","XII PPLG","","0","0","0000-00-00 00:00:00","2023-10-12 10:30:19",""),
("4","11","1","XII PPLG","","0","0","0000-00-00 00:00:00","2023-10-12 10:30:19",""),
("5","12","1","XII PPLG","","0","0","0000-00-00 00:00:00","2023-10-12 10:30:19",""),
("6","13","1","XII PPLG","","0","0","0000-00-00 00:00:00","2023-10-12 10:30:19",""),
("7","14","1","XII PPLG","","0","0","0000-00-00 00:00:00","2023-10-12 10:30:19",""),
("8","15","1","XII PPLG","","0","0","0000-00-00 00:00:00","2023-10-12 10:30:19",""),
("9","16","1","XII PPLG","","0","0","0000-00-00 00:00:00","2023-10-12 10:30:19",""),
("10","17","1","XII PPLG","","0","0","0000-00-00 00:00:00","2023-10-12 10:30:19",""),
("11","18","1","XII PPLG","","0","0","0000-00-00 00:00:00","2023-10-12 10:30:19",""),
("12","19","1","XII PPLG","","0","0","0000-00-00 00:00:00","2023-10-12 10:30:19",""),
("13","20","1","XII PPLG","","0","0","0000-00-00 00:00:00","2023-10-12 10:30:19",""),
("14","8","2","XII PPLG","","0","446000","0000-00-00 00:00:00","2023-10-12 10:30:19",""),
("15","9","2","XII PPLG","","0","0","0000-00-00 00:00:00","2023-10-12 10:30:19",""),
("16","10","2","XII PPLG","","0","0","0000-00-00 00:00:00","2023-10-12 10:30:19",""),
("17","11","2","XII PPLG","","0","0","0000-00-00 00:00:00","2023-10-12 10:30:19",""),
("18","12","2","XII PPLG","","0","0","0000-00-00 00:00:00","2023-10-12 10:30:19",""),
("19","13","2","XII PPLG","","0","0","0000-00-00 00:00:00","2023-10-12 10:30:19",""),
("20","14","2","XII PPLG","","0","0","0000-00-00 00:00:00","2023-10-12 10:30:19",""),
("21","15","2","XII PPLG","","0","0","0000-00-00 00:00:00","2023-10-12 10:30:19",""),
("22","16","2","XII PPLG","","0","0","0000-00-00 00:00:00","2023-10-12 10:30:19",""),
("23","17","2","XII PPLG","","0","0","0000-00-00 00:00:00","2023-10-12 10:30:19",""),
("24","18","2","XII PPLG","","0","0","0000-00-00 00:00:00","2023-10-12 10:30:19",""),
("25","19","2","XII PPLG","","0","0","0000-00-00 00:00:00","2023-10-12 10:30:19",""),
("26","20","2","XII PPLG","","0","0","0000-00-00 00:00:00","2023-10-12 10:30:19",""),
("27","8","3","XII PPLG","","0","446000","0000-00-00 00:00:00","2023-10-12 10:30:19",""),
("28","9","3","XII PPLG","","0","0","0000-00-00 00:00:00","2023-10-12 10:30:19",""),
("29","10","3","XII PPLG","","0","0","0000-00-00 00:00:00","2023-10-12 10:30:19",""),
("30","11","3","XII PPLG","","0","0","0000-00-00 00:00:00","2023-10-12 10:30:19",""),
("31","12","3","XII PPLG","","0","0","0000-00-00 00:00:00","2023-10-12 10:30:19",""),
("32","13","3","XII PPLG","","0","0","0000-00-00 00:00:00","2023-10-12 10:30:19",""),
("33","14","3","XII PPLG","","0","0","0000-00-00 00:00:00","2023-10-12 10:30:19",""),
("34","15","3","XII PPLG","","0","0","0000-00-00 00:00:00","2023-10-12 10:30:19",""),
("35","16","3","XII PPLG","","0","0","0000-00-00 00:00:00","2023-10-12 10:30:19",""),
("36","17","3","XII PPLG","","0","0","0000-00-00 00:00:00","2023-10-12 10:30:19",""),
("37","18","3","XII PPLG","","0","0","0000-00-00 00:00:00","2023-10-12 10:30:19",""),
("38","19","3","XII PPLG","","0","0","0000-00-00 00:00:00","2023-10-12 10:30:19",""),
("39","20","3","XII PPLG","","0","0","0000-00-00 00:00:00","2023-10-12 10:30:19",""),
("40","8","4","XII PPLG","","0","440000","0000-00-00 00:00:00","2023-10-12 10:30:19",""),
("41","9","4","XII PPLG","","0","0","0000-00-00 00:00:00","2023-10-12 10:30:19",""),
("42","10","4","XII PPLG","","0","0","0000-00-00 00:00:00","2023-10-12 10:30:19",""),
("43","11","4","XII PPLG","","0","0","0000-00-00 00:00:00","2023-10-12 10:30:19",""),
("44","12","4","XII PPLG","","0","0","0000-00-00 00:00:00","2023-10-12 10:30:19",""),
("45","13","4","XII PPLG","","0","0","0000-00-00 00:00:00","2023-10-12 10:30:19",""),
("46","14","4","XII PPLG","","0","0","0000-00-00 00:00:00","2023-10-12 10:30:19",""),
("47","15","4","XII PPLG","","0","0","0000-00-00 00:00:00","2023-10-12 10:30:19",""),
("48","16","4","XII PPLG","","0","0","0000-00-00 00:00:00","2023-10-12 10:30:19",""),
("49","17","4","XII PPLG","","0","0","0000-00-00 00:00:00","2023-10-12 10:30:19",""),
("50","18","4","XII PPLG","","0","0","0000-00-00 00:00:00","2023-10-12 10:30:19",""),
("51","19","4","XII PPLG","","0","0","0000-00-00 00:00:00","2023-10-12 10:30:19",""),
("52","20","4","XII PPLG","","0","0","0000-00-00 00:00:00","2023-10-12 10:30:19",""),
("53","8","5","XII PPLG","","0","446000","0000-00-00 00:00:00","2023-10-12 10:30:19",""),
("54","9","5","XII PPLG","","0","0","0000-00-00 00:00:00","2023-10-12 10:30:20",""),
("55","10","5","XII PPLG","","0","0","0000-00-00 00:00:00","2023-10-12 10:30:20",""),
("56","11","5","XII PPLG","","0","0","0000-00-00 00:00:00","2023-10-12 10:30:20",""),
("57","12","5","XII PPLG","","0","0","0000-00-00 00:00:00","2023-10-12 10:30:20",""),
("58","13","5","XII PPLG","","0","0","0000-00-00 00:00:00","2023-10-12 10:30:20",""),
("59","14","5","XII PPLG","","0","0","0000-00-00 00:00:00","2023-10-12 10:30:20",""),
("60","15","5","XII PPLG","","0","0","0000-00-00 00:00:00","2023-10-12 10:30:20",""),
("61","16","5","XII PPLG","","0","0","0000-00-00 00:00:00","2023-10-12 10:30:20",""),
("62","17","5","XII PPLG","","0","0","0000-00-00 00:00:00","2023-10-12 10:30:20",""),
("63","18","5","XII PPLG","","0","0","0000-00-00 00:00:00","2023-10-12 10:30:20",""),
("64","19","5","XII PPLG","","0","0","0000-00-00 00:00:00","2023-10-12 10:30:20",""),
("65","20","5","XII PPLG","","0","0","0000-00-00 00:00:00","2023-10-12 10:30:20",""),
("66","8","6","XII PPLG","","0","446000","0000-00-00 00:00:00","2023-10-12 10:30:20",""),
("67","9","6","XII PPLG","","0","0","0000-00-00 00:00:00","2023-10-12 10:30:20",""),
("68","10","6","XII PPLG","","0","0","0000-00-00 00:00:00","2023-10-12 10:30:20",""),
("69","11","6","XII PPLG","","0","0","0000-00-00 00:00:00","2023-10-12 10:30:20",""),
("70","12","6","XII PPLG","","0","0","0000-00-00 00:00:00","2023-10-12 10:30:20",""),
("71","13","6","XII PPLG","","0","0","0000-00-00 00:00:00","2023-10-12 10:30:20",""),
("72","14","6","XII PPLG","","0","0","0000-00-00 00:00:00","2023-10-12 10:30:20",""),
("73","15","6","XII PPLG","","0","0","0000-00-00 00:00:00","2023-10-12 10:30:20",""),
("74","16","6","XII PPLG","","0","0","0000-00-00 00:00:00","2023-10-12 10:30:20",""),
("75","17","6","XII PPLG","","0","0","0000-00-00 00:00:00","2023-10-12 10:30:20",""),
("76","18","6","XII PPLG","","0","0","0000-00-00 00:00:00","2023-10-12 10:30:20",""),
("77","19","6","XII PPLG","","0","0","0000-00-00 00:00:00","2023-10-12 10:30:20",""),
("78","20","6","XII PPLG","","0","0","0000-00-00 00:00:00","2023-10-12 10:30:20",""),
("79","8","7","XII PPLG","","0","446000","0000-00-00 00:00:00","2023-10-12 10:30:20",""),
("80","9","7","XII PPLG","","0","0","0000-00-00 00:00:00","2023-10-12 10:30:20",""),
("81","10","7","XII PPLG","","0","0","0000-00-00 00:00:00","2023-10-12 10:30:20",""),
("82","11","7","XII PPLG","","0","0","0000-00-00 00:00:00","2023-10-12 10:30:20",""),
("83","12","7","XII PPLG","","0","0","0000-00-00 00:00:00","2023-10-12 10:30:20",""),
("84","13","7","XII PPLG","","0","0","0000-00-00 00:00:00","2023-10-12 10:30:20",""),
("85","14","7","XII PPLG","","0","0","0000-00-00 00:00:00","2023-10-12 10:30:20",""),
("86","15","7","XII PPLG","","0","0","0000-00-00 00:00:00","2023-10-12 10:30:20",""),
("87","16","7","XII PPLG","","0","0","0000-00-00 00:00:00","2023-10-12 10:30:20",""),
("88","17","7","XII PPLG","","0","0","0000-00-00 00:00:00","2023-10-12 10:30:20",""),
("89","18","7","XII PPLG","","0","0","0000-00-00 00:00:00","2023-10-12 10:30:20",""),
("90","19","7","XII PPLG","","0","0","0000-00-00 00:00:00","2023-10-12 10:30:20",""),
("91","20","7","XII PPLG","","0","0","0000-00-00 00:00:00","2023-10-12 10:30:20",""),
("92","8","8","XII PPLG","","0","275000","0000-00-00 00:00:00","2023-10-12 10:30:20",""),
("93","9","8","XII PPLG","","0","0","0000-00-00 00:00:00","2023-10-12 10:30:20",""),
("94","10","8","XII PPLG","","0","0","0000-00-00 00:00:00","2023-10-12 10:30:20",""),
("95","11","8","XII PPLG","","0","0","0000-00-00 00:00:00","2023-10-12 10:30:20",""),
("96","12","8","XII PPLG","","0","0","0000-00-00 00:00:00","2023-10-12 10:30:20",""),
("97","13","8","XII PPLG","","0","0","0000-00-00 00:00:00","2023-10-12 10:30:20",""),
("98","14","8","XII PPLG","","0","0","0000-00-00 00:00:00","2023-10-12 10:30:20",""),
("99","15","8","XII PPLG","","0","0","0000-00-00 00:00:00","2023-10-12 10:30:20",""),
("100","16","8","XII PPLG","","0","0","0000-00-00 00:00:00","2023-10-12 10:30:20","");
INSERT INTO tagihan VALUES
("101","17","8","XII PPLG","","0","0","0000-00-00 00:00:00","2023-10-12 10:30:20",""),
("102","18","8","XII PPLG","","0","0","0000-00-00 00:00:00","2023-10-12 10:30:20",""),
("103","19","8","XII PPLG","","0","0","0000-00-00 00:00:00","2023-10-12 10:30:20",""),
("104","20","8","XII PPLG","","0","0","0000-00-00 00:00:00","2023-10-12 10:30:20",""),
("105","8","9","XII PPLG","","0","446000","0000-00-00 00:00:00","2023-10-12 10:30:20",""),
("106","9","9","XII PPLG","","0","446000","0000-00-00 00:00:00","2023-10-12 10:30:20",""),
("107","10","9","XII PPLG","","0","0","0000-00-00 00:00:00","2023-10-12 10:30:20",""),
("108","11","9","XII PPLG","","0","0","0000-00-00 00:00:00","2023-10-12 10:30:20",""),
("109","12","9","XII PPLG","","0","0","0000-00-00 00:00:00","2023-10-12 10:30:20",""),
("110","13","9","XII PPLG","","0","0","0000-00-00 00:00:00","2023-10-12 10:30:20",""),
("111","14","9","XII PPLG","","0","0","0000-00-00 00:00:00","2023-10-12 10:30:20",""),
("112","15","9","XII PPLG","","0","0","0000-00-00 00:00:00","2023-10-12 10:30:20",""),
("113","16","9","XII PPLG","","0","0","0000-00-00 00:00:00","2023-10-12 10:30:20",""),
("114","17","9","XII PPLG","","0","0","0000-00-00 00:00:00","2023-10-12 10:30:20",""),
("115","18","9","XII PPLG","","0","0","0000-00-00 00:00:00","2023-10-12 10:30:20",""),
("116","19","9","XII PPLG","","0","0","0000-00-00 00:00:00","2023-10-12 10:30:20",""),
("117","20","9","XII PPLG","","0","0","0000-00-00 00:00:00","2023-10-12 10:30:20",""),
("118","8","10","XII PPLG","","0","446000","0000-00-00 00:00:00","2023-10-12 10:30:20",""),
("119","9","10","XII PPLG","","0","0","0000-00-00 00:00:00","2023-10-12 10:30:21",""),
("120","10","10","XII PPLG","","0","0","0000-00-00 00:00:00","2023-10-12 10:30:21",""),
("121","11","10","XII PPLG","","0","0","0000-00-00 00:00:00","2023-10-12 10:30:21",""),
("122","12","10","XII PPLG","","0","0","0000-00-00 00:00:00","2023-10-12 10:30:21",""),
("123","13","10","XII PPLG","","0","0","0000-00-00 00:00:00","2023-10-12 10:30:21",""),
("124","14","10","XII PPLG","","0","0","0000-00-00 00:00:00","2023-10-12 10:30:21",""),
("125","15","10","XII PPLG","","0","0","0000-00-00 00:00:00","2023-10-12 10:30:21",""),
("126","16","10","XII PPLG","","0","0","0000-00-00 00:00:00","2023-10-12 10:30:21",""),
("127","17","10","XII PPLG","","0","0","0000-00-00 00:00:00","2023-10-12 10:30:21",""),
("128","18","10","XII PPLG","","0","0","0000-00-00 00:00:00","2023-10-12 10:30:21",""),
("129","19","10","XII PPLG","","0","0","0000-00-00 00:00:00","2023-10-12 10:30:21",""),
("130","20","10","XII PPLG","","0","0","0000-00-00 00:00:00","2023-10-12 10:30:21",""),
("131","8","11","XII PPLG","","0","446000","0000-00-00 00:00:00","2023-10-12 10:30:21",""),
("132","9","11","XII PPLG","","0","446000","0000-00-00 00:00:00","2023-10-12 10:30:21",""),
("133","10","11","XII PPLG","","0","446000","0000-00-00 00:00:00","2023-10-12 10:30:21",""),
("134","11","11","XII PPLG","","0","0","0000-00-00 00:00:00","2023-10-12 10:30:21",""),
("135","12","11","XII PPLG","","0","0","0000-00-00 00:00:00","2023-10-12 10:30:21",""),
("136","13","11","XII PPLG","","0","0","0000-00-00 00:00:00","2023-10-12 10:30:21",""),
("137","14","11","XII PPLG","","0","0","0000-00-00 00:00:00","2023-10-12 10:30:21",""),
("138","15","11","XII PPLG","","0","0","0000-00-00 00:00:00","2023-10-12 10:30:21",""),
("139","16","11","XII PPLG","","0","0","0000-00-00 00:00:00","2023-10-12 10:30:21",""),
("140","17","11","XII PPLG","","0","2054000","0000-00-00 00:00:00","2023-10-12 10:30:21",""),
("141","18","11","XII PPLG","","0","0","0000-00-00 00:00:00","2023-10-12 10:30:21",""),
("142","19","11","XII PPLG","","0","0","0000-00-00 00:00:00","2023-10-12 10:30:21",""),
("143","20","11","XII PPLG","","0","0","0000-00-00 00:00:00","2023-10-12 10:30:21",""),
("144","8","12","XII PPLG","","0","446000","0000-00-00 00:00:00","2023-10-12 10:30:21",""),
("145","9","12","XII PPLG","","0","0","0000-00-00 00:00:00","2023-10-12 10:30:21",""),
("146","10","12","XII PPLG","","0","0","0000-00-00 00:00:00","2023-10-12 10:30:21",""),
("147","11","12","XII PPLG","","0","0","0000-00-00 00:00:00","2023-10-12 10:30:21",""),
("148","12","12","XII PPLG","","0","0","0000-00-00 00:00:00","2023-10-12 10:30:21",""),
("149","13","12","XII PPLG","","0","0","0000-00-00 00:00:00","2023-10-12 10:30:21",""),
("150","14","12","XII PPLG","","0","0","0000-00-00 00:00:00","2023-10-12 10:30:21",""),
("151","15","12","XII PPLG","","0","0","0000-00-00 00:00:00","2023-10-12 10:30:21",""),
("152","16","12","XII PPLG","","0","0","0000-00-00 00:00:00","2023-10-12 10:30:21",""),
("153","17","12","XII PPLG","","0","0","0000-00-00 00:00:00","2023-10-12 10:30:21",""),
("154","18","12","XII PPLG","","0","0","0000-00-00 00:00:00","2023-10-12 10:30:21",""),
("155","19","12","XII PPLG","","0","0","0000-00-00 00:00:00","2023-10-12 10:30:21",""),
("156","20","12","XII PPLG","","0","0","0000-00-00 00:00:00","2023-10-12 10:30:21",""),
("157","8","13","XII PPLG","","0","446000","0000-00-00 00:00:00","2023-10-12 10:30:21",""),
("158","9","13","XII PPLG","","0","446000","0000-00-00 00:00:00","2023-10-12 10:30:21",""),
("159","10","13","XII PPLG","","0","446000","0000-00-00 00:00:00","2023-10-12 10:30:21",""),
("160","11","13","XII PPLG","","0","0","0000-00-00 00:00:00","2023-10-12 10:30:21",""),
("161","12","13","XII PPLG","","0","0","0000-00-00 00:00:00","2023-10-12 10:30:21",""),
("162","13","13","XII PPLG","","0","0","0000-00-00 00:00:00","2023-10-12 10:30:21",""),
("163","14","13","XII PPLG","","0","0","0000-00-00 00:00:00","2023-10-12 10:30:21",""),
("164","15","13","XII PPLG","","0","0","0000-00-00 00:00:00","2023-10-12 10:30:21",""),
("165","16","13","XII PPLG","","0","0","0000-00-00 00:00:00","2023-10-12 10:30:21",""),
("166","17","13","XII PPLG","","0","1162000","0000-00-00 00:00:00","2023-10-12 10:30:21",""),
("167","18","13","XII PPLG","","0","0","0000-00-00 00:00:00","2023-10-12 10:30:21",""),
("168","19","13","XII PPLG","","0","0","0000-00-00 00:00:00","2023-10-12 10:30:21",""),
("169","20","13","XII PPLG","","0","0","0000-00-00 00:00:00","2023-10-12 10:30:21",""),
("170","8","14","XII PPLG","","0","446000","0000-00-00 00:00:00","2023-10-12 10:30:21",""),
("171","9","14","XII PPLG","","0","0","0000-00-00 00:00:00","2023-10-12 10:30:21",""),
("172","10","14","XII PPLG","","0","0","0000-00-00 00:00:00","2023-10-12 10:30:21",""),
("173","11","14","XII PPLG","","0","0","0000-00-00 00:00:00","2023-10-12 10:30:21",""),
("174","12","14","XII PPLG","","0","0","0000-00-00 00:00:00","2023-10-12 10:30:21",""),
("175","13","14","XII PPLG","","0","0","0000-00-00 00:00:00","2023-10-12 10:30:21",""),
("176","14","14","XII PPLG","","0","0","0000-00-00 00:00:00","2023-10-12 10:30:21",""),
("177","15","14","XII PPLG","","0","0","0000-00-00 00:00:00","2023-10-12 10:30:21",""),
("178","16","14","XII PPLG","","0","0","0000-00-00 00:00:00","2023-10-12 10:30:21",""),
("179","17","14","XII PPLG","","0","0","0000-00-00 00:00:00","2023-10-12 10:30:21",""),
("180","18","14","XII PPLG","","0","0","0000-00-00 00:00:00","2023-10-12 10:30:21",""),
("181","19","14","XII PPLG","","0","0","0000-00-00 00:00:00","2023-10-12 10:30:21",""),
("182","20","14","XII PPLG","","0","0","0000-00-00 00:00:00","2023-10-12 10:30:21",""),
("183","8","15","XII PPLG","","0","446000","0000-00-00 00:00:00","2023-10-12 10:30:21",""),
("184","9","15","XII PPLG","","0","446000","0000-00-00 00:00:00","2023-10-12 10:30:21",""),
("185","10","15","XII PPLG","","0","0","0000-00-00 00:00:00","2023-10-12 10:30:21",""),
("186","11","15","XII PPLG","","0","0","0000-00-00 00:00:00","2023-10-12 10:30:21",""),
("187","12","15","XII PPLG","","0","0","0000-00-00 00:00:00","2023-10-12 10:30:21",""),
("188","13","15","XII PPLG","","0","0","0000-00-00 00:00:00","2023-10-12 10:30:21",""),
("189","14","15","XII PPLG","","0","0","0000-00-00 00:00:00","2023-10-12 10:30:21",""),
("190","15","15","XII PPLG","","0","0","0000-00-00 00:00:00","2023-10-12 10:30:21",""),
("191","16","15","XII PPLG","","0","0","0000-00-00 00:00:00","2023-10-12 10:30:21",""),
("192","17","15","XII PPLG","","0","0","0000-00-00 00:00:00","2023-10-12 10:30:21",""),
("193","18","15","XII PPLG","","0","0","0000-00-00 00:00:00","2023-10-12 10:30:21",""),
("194","19","15","XII PPLG","","0","0","0000-00-00 00:00:00","2023-10-12 10:30:21",""),
("195","20","15","XII PPLG","","0","0","0000-00-00 00:00:00","2023-10-12 10:30:21",""),
("196","8","16","XII PPLG","","0","446000","0000-00-00 00:00:00","2023-10-12 10:30:21",""),
("197","9","16","XII PPLG","","0","0","0000-00-00 00:00:00","2023-10-12 10:30:21",""),
("198","10","16","XII PPLG","","0","0","0000-00-00 00:00:00","2023-10-12 10:30:21",""),
("199","11","16","XII PPLG","","0","0","0000-00-00 00:00:00","2023-10-12 10:30:21",""),
("200","12","16","XII PPLG","","0","0","0000-00-00 00:00:00","2023-10-12 10:30:21","");
INSERT INTO tagihan VALUES
("201","13","16","XII PPLG","","0","0","0000-00-00 00:00:00","2023-10-12 10:30:21",""),
("202","14","16","XII PPLG","","0","0","0000-00-00 00:00:00","2023-10-12 10:30:21",""),
("203","15","16","XII PPLG","","0","0","0000-00-00 00:00:00","2023-10-12 10:30:21",""),
("204","16","16","XII PPLG","","0","0","0000-00-00 00:00:00","2023-10-12 10:30:21",""),
("205","17","16","XII PPLG","","0","0","0000-00-00 00:00:00","2023-10-12 10:30:21",""),
("206","18","16","XII PPLG","","0","0","0000-00-00 00:00:00","2023-10-12 10:30:21",""),
("207","19","16","XII PPLG","","0","0","0000-00-00 00:00:00","2023-10-12 10:30:21",""),
("208","20","16","XII PPLG","","0","0","0000-00-00 00:00:00","2023-10-12 10:30:21",""),
("209","8","17","XII PPLG","","0","446000","0000-00-00 00:00:00","2023-10-12 10:30:21",""),
("210","9","17","XII PPLG","","0","0","0000-00-00 00:00:00","2023-10-12 10:30:21",""),
("211","10","17","XII PPLG","","0","0","0000-00-00 00:00:00","2023-10-12 10:30:21",""),
("212","11","17","XII PPLG","","0","0","0000-00-00 00:00:00","2023-10-12 10:30:21",""),
("213","12","17","XII PPLG","","0","0","0000-00-00 00:00:00","2023-10-12 10:30:21",""),
("214","13","17","XII PPLG","","0","0","0000-00-00 00:00:00","2023-10-12 10:30:21",""),
("215","14","17","XII PPLG","","0","0","0000-00-00 00:00:00","2023-10-12 10:30:21",""),
("216","15","17","XII PPLG","","0","0","0000-00-00 00:00:00","2023-10-12 10:30:21",""),
("217","16","17","XII PPLG","","0","0","0000-00-00 00:00:00","2023-10-12 10:30:21",""),
("218","17","17","XII PPLG","","0","0","0000-00-00 00:00:00","2023-10-12 10:30:21",""),
("219","18","17","XII PPLG","","0","0","0000-00-00 00:00:00","2023-10-12 10:30:21",""),
("220","19","17","XII PPLG","","0","0","0000-00-00 00:00:00","2023-10-12 10:30:21",""),
("221","20","17","XII PPLG","","0","0","0000-00-00 00:00:00","2023-10-12 10:30:21",""),
("222","8","18","XII PPLG","","0","200000","0000-00-00 00:00:00","2023-10-12 10:30:21",""),
("223","9","18","XII PPLG","","0","0","0000-00-00 00:00:00","2023-10-12 10:30:22",""),
("224","10","18","XII PPLG","","0","0","0000-00-00 00:00:00","2023-10-12 10:30:22",""),
("225","11","18","XII PPLG","","0","0","0000-00-00 00:00:00","2023-10-12 10:30:22",""),
("226","12","18","XII PPLG","","0","0","0000-00-00 00:00:00","2023-10-12 10:30:22",""),
("227","13","18","XII PPLG","","0","0","0000-00-00 00:00:00","2023-10-12 10:30:22",""),
("228","14","18","XII PPLG","","0","0","0000-00-00 00:00:00","2023-10-12 10:30:22",""),
("229","15","18","XII PPLG","","0","0","0000-00-00 00:00:00","2023-10-12 10:30:22",""),
("230","16","18","XII PPLG","","0","0","0000-00-00 00:00:00","2023-10-12 10:30:22",""),
("231","17","18","XII PPLG","","0","0","0000-00-00 00:00:00","2023-10-12 10:30:22",""),
("232","18","18","XII PPLG","","0","0","0000-00-00 00:00:00","2023-10-12 10:30:22",""),
("233","19","18","XII PPLG","","0","0","0000-00-00 00:00:00","2023-10-12 10:30:22",""),
("234","20","18","XII PPLG","","0","0","0000-00-00 00:00:00","2023-10-12 10:30:22","");

CREATE TABLE `user` (
  `id_user` int(10) NOT NULL AUTO_INCREMENT,
  `nama` varchar(200) NOT NULL,
  `username` varchar(200) NOT NULL,
  `password` varchar(20) NOT NULL,
  `hak_akses` int(2) NOT NULL,
  `dibuat_pada` datetime NOT NULL DEFAULT current_timestamp(),
  `diubah_pada` datetime NOT NULL DEFAULT current_timestamp(),
  `dihapus_pada` datetime DEFAULT NULL,
  PRIMARY KEY (`id_user`)
) ENGINE=InnoDB AUTO_INCREMENT=5 DEFAULT CHARSET=utf8mb4 COLLATE=utf8mb4_general_ci;

INSERT INTO user VALUES
("4","NINA ANTARI","ninaa","nina","1","2023-09-20 07:35:07","2023-09-20 07:35:07","");